門市名稱,電話,經緯度座標,地址,營業時間,開始時間,結束時間
彰化中興門市,04-7235-886,"24.0699929,120.545045",彰化縣彰化市中興路136之1號,週一至週日07:00-17:00,07:00,17:00
鹿港中山門市,04-777-3431,"24.0557296,120.4342709",彰化縣鹿港鎮中山路246號,週一至週日7:30-18:30,7:30,18:30
員林莒光門市,04-839-3613,"23.9598384,120.5647479",彰化縣員林市莒光路328號,週一至週日07:00-21:30,07:00,21:30
彰化巫家門市,04-885-0227,"23.9723004,120.4758866",彰化縣溪湖鎮彰水路四段439巷151號,週一至週日09:00-19:00,09:00,19:00
彰化彰美門市,04-722-1691,"24.0882596,120.5382308",彰化縣彰化市彰美路一段159號,週一至週日07:00-20:00,07:00,20:00
員林中山門市,04-831-0520,"23.958652999816685,120.57064558364073",彰化縣員林市中山路一段785號,週一至週日07:00-21:00,07:00,21:00
彰化北斗門市,04-887-7585,"23.8747093,120.515732",彰化縣北斗鎮中山路二段57號,週一至週日07:00-22:00,07:00,22:00
員林大同96門市,04-8336683,"23.9688263,120.5776995",彰化縣員林市大同路二段96號,週一至週日7:30~19:30,,
彰化田中門市,04-8748-668,"23.860872,120.5813597",彰化縣田中鎮斗中路一段163號,週一至週日07:00-18:00,07:00,18:00
嘉義博愛門市,05-283-7218,"23.465408367874012,120.4247706108529",嘉義市西區博愛路二段864號1樓,周一、周三至周日6:00-21:00<br>周二6:00-18:00,6:00,21:00
嘉義圓環門市,05-225-0613,"23.4800855,120.4471696",嘉義市西區中山路294號,週一至週日07:30-21:00,07:30,21:00
嘉義垂楊門市,05-222-3295,"23.4739897,120.4502504",嘉義市西區垂楊路394、396、398號,週一至週日07:00-20:00,07:00,20:00
民雄頭橋門市,05-221-9908,"23.526655,120.44339",嘉義縣民雄鄉福樂村埤角221號,週一至週日7:00-21:00,7:00,21:00
阿里山觸口門市,05-2590019,"23.441793,120.596785",嘉義縣番路鄉觸口村車埕51號,週一至週日7:30~17:30,,
新竹遠百門市,03-522-1668,"24.802141325439088,120.96583462541979",新竹市西區西大路360號1-3樓,週一至週日07:00-21:00,07:00,21:00
新竹關新直營門市,03-577-0157,"24.786727864893496,121.01941749733602",新竹市東區關新路158號1樓,週一至週日07:30-21:30,07:30,21:30
新竹武陵門市,03-545-3123,"24.8211372,120.9661746",新竹市北區武陵路173-3號,週一至週日07:00-18:00,07:00,18:00
新竹建中門市,03-572-9777,"24.8014841,120.9927314",新竹市東區建中路71號,週一至週日07:00-21:00,07:00,21:00
新竹關埔門市,03-577-6700,"24.7904194,121.012665",新竹市東區埔頂二路2號,週一至週日07:00-21:00,07:00,21:00
新竹巨城門市,03-533-4613,"24.8094196,120.9752898",新竹市東區民生路99號,週一至週日07:00-22:00,07:00,22:00
新竹市府門市,03-533-5613,"24.8099081,120.9655743",新竹市北區北大路162號,週一至週日07:00-22:00,07:00,22:00
新竹綠光門市,03-515-3566,"24.8107274,120.9852",新竹市東區中華路一段426號,週一至週日07:00-21:00,07:00,21:00
新竹聯發科門市,03-567-0766#33181,"24.771309,121.0189486",新竹市東區力行三路11號,週一至週五07:30-19:00,07:30,19:00
新竹站前門市,03-528-6613,"24.8027491,120.9694084",新竹市東區中正路2號1樓,週一至週日07:00-21:00,07:00,21:00
新竹台積電8廠門市,03-5636688EXT:708165,"24.7627456,121.0171436",新竹市東區力行路25號,週一至週日07:30-19:00,07:30,19:00
新竹台積電7廠門市,03-579-4613,"24.7792129,120.9899197",新竹市東區研新二路6號,週一至週日07:30-19:00,07:30,19:00
新竹食品門市,03-572-5588,"24.798759244590443,120.9791311618639",新竹市東區食品路63號,週一至週日07:00-21:00,07:00,21:00
清大圖書館門市,03-5721613,"24.795224,120.995016",新竹市東區光復路二段101號(國立清華大學圖書館-旺宏館),週一至週日07:30-20:00,07:30,20:00
陽明交通大學門市,03-5722613,"24.788694,120.998667",新竹市大學路1001號女二舍1F,週一至週日07:00-21:00,07:00,21:00
新竹兒童馬偕醫院門市,03-5751360,"24.7970476,121.002867",新竹市東區建功二路28號1F,週一至週五7:00-21:00<br>週末、國定假日7:00-18:00,7:00,21:00
新竹金山門市,03-5790073,"24.7775165,121.0197351",新竹市東區金山六街33號1F,週一至週日07:00-16:00,07:00,16:00
新竹公園,03-5610889,"24.8003202,120.9773452",新竹市東區公園路133號,週一至週五8:00-17:00<br>假日8:00-20:00,8:00,17:00
新竹伊普索門市,03-5720579,"24.798721,121.0055086",新竹市東區公道五路二段111號,週一至週五07:00-18:00,07:00,18:00
竹北光明門市,03-558-8586,"24.830525,121.0159144",新竹縣竹北市光明一路196號,週一至週日07:00-18:00,07:00,18:00
竹北莊敬門市,03-668-2482,"24.821992746128455,121.02657689032038",新竹縣竹北市莊敬五街38號,週一至週日07:00-21:00,07:00,21:00
竹北縣政門市,03-5541-554,"24.82822572968025,121.0102481716163",新竹縣竹北市縣政九路153號,週一至週日06:40-20:30,06:40,20:30
竹北東元門市,03-553-2181,"24.82346444536762,121.01411330819252",新竹縣竹北市縣政二路55號,週一至週日07:00-18:00<br>               店休日另行公告,07:00,18:00
竹東長春門市,03-596-9566,"24.744140766233276,121.08323191519324",新竹縣竹東鎮長春路三段196號,週一至週日07:00-21:00,07:00,21:00
竹北成功門市,03-550-9371,"24.818666921930568,121.0235932108288",新竹縣竹北市成功五街76號,週一至週日07:00-21:00,07:00,21:00
新豐鑫豐門市,03-557-2566,"24.8746775,120.9921089",新竹縣新豐鄉建興路一段155號,週一至週日07:00-19:00,07:00,19:00
六家文興門市,03-550-5633,"24.8084889,121.0307903",新竹縣竹北市文興路二段96號,週一至週日07:00-21:00,07:00,21:00
竹北博愛門市,03-656-5768,"24.8333895,121.0041978",新竹縣竹北市博愛街239號,週一至週日07:00-21:00,07:00,21:00
台元聯發科門市,0982-443-146#24440,"24.8415963,121.0106318",新竹縣竹北市台元街26號3樓之3,週一至週五07:30-20:00,07:30,20:00
竹東站前門市,03-596-1717,"24.7379714,121.0917904",新竹縣竹東鎮北興路2段3號,7:000-19:00,,
國道湖口門市,03-597-7630,"24.857683225553618,121.00987359724148",新竹縣湖口鄉國強街1巷8號,週一至週日07:00-21:00連續假期會配合服務區規定調整營業時間,07:00,21:00
湖口站前門市,03-590-5152,"24.90304505274798,121.04463380407388",新竹縣湖口鄉中山路二段176號,週一至週五06:30-17:00週六日07:00-17:00,06:30,17:00
力成科技門市,03-597-6613,"24.8704506,120.9991942",新竹縣湖口鄉大同路15-1號6樓,,,
竹北嘉豐門市,03-657-9101,"24.8167811,121.0294243",新竹縣竹北市嘉豐一街33號,週一至週日07:00-21:00,07:00,21:00
新竹台積電門市,03-5798401,"24.7717915,121.0111297",新竹縣寶山鄉園區二路166號B1,週一至週五07:30-19:00,07:30,19:00
花蓮民國門市,03-833-9229,"23.97771889043625,121.60372703958338",花蓮縣花蓮市民國路79-3號,週一至週日07:00-21:30,07:00,21:30
高雄文化直營門市,07-722-5830,"22.62436749159621,120.31690201101505",高雄市苓雅區廣州一街141號,週一至週日07:00-21:30,07:00,21:30
高雄裕誠門市,07-557-0199,"22.6654723,120.3073664",高雄市左營區裕誠路366號,7:30-21:30,7:30,21:30
高雄河堤門市,07-359-2613,"22.661285,120.3119733",高雄市三民區明仁路51號,週一至週日07:00-21:00,07:00,21:00
高雄小港門市,0908-272-302,"22.566774799840854,120.36011353962779",高雄市小港區漢民路616號,週一至週日7:00-21:00,7:00,21:00
美術館門市,07-522-6677,"22.6514707,120.2861577",高雄市鼓山區青海路112號,週一至週日7:00-22:00,7:00,22:00
昌盛門市,07-552-7096,"22.6640745,120.296925",高雄市鼓山區昌盛路292號,週一至週日7:30-21:00,7:30,21:00
高雄孟子門市,07-345-3535,"22.6738146,120.310251",高雄市左營區孟子路178-1號,週一至週日07:00-21:00,07:00,21:00
第三波咖啡棧貳庫門市,07-531-0660,"22.6190001,120.2770099",高雄市鼓山區蓬萊路17號櫃號2108,週日至週四10:00-21:00<br>              週五、週六10:00-22:00,10:00,21:00
高醫門市,07-311-1613,"22.6437479,120.3066063",高雄市三民區自由一路56號,週一至週日07:00-21:00,07:00,21:00
大昌覺民門市,07-381-0088,"22.6409559,120.3320359",高雄市三民區大昌二路89號,週一至週日07:00-23:00,07:00,23:00
正興建功門市,07-392-6653,"22.6472629,120.3175863",高雄市三民區正興路173、175號,週一至週日07:00-21:30,07:00,21:30
高醫大校區門市,07-311-2613,"22.6469712,120.3084157",高雄市三民區十全一路100號(國研大樓1F),週一至週五07:00-20:30<br>               週六、週日08:00-16:00,07:00,20:30
高雄澄清門市,07-381-0066,"22.641894140033273,120.3454790974988",高雄市三民區澄清路519號,週一至週日07:00-23:00,07:00,23:00
高雄重愛門市,07-345-4613,"22.6848919,120.3143153",高雄市左營區自由四路320號,週一至週日07:00-22:00,07:00,22:00
高雄重上門市,07-348-1613,"22.6771549,120.3003146",高雄市左營區文萊路284、286號,週一至週日07:00-21:00,07:00,21:00
高雄鼎祥門市,07-359-6007,"22.6663544,120.3160332",高雄市三民區鼎祥街98號,週一至週日07:00-17:30,07:00,17:30
高雄岡山門市,07-623-0095,"22.7921804,120.2948778",高雄市岡山區民有路60號,週一至週日07:00-21:00,07:00,21:00
高雄凹仔底門市,07-556-9292,"22.65829,120.3015828",高雄市左營區忠言路182號,週一至週日07:00-22:30,07:00,22:30
高雄青年仁愛門市,07-215-1277,"22.6223387,120.308762",高雄市新興區青年一路210號,週一至週日07:30-22:30,07:30,22:30
高雄大順建工門市,07-395-0700,"22.6496567,120.3235556",高雄市三民區建工路590號,週一至週日07:00-22:00,07:00,22:00
天祥門市,07-310-9763,"22.667915,120.319245",高雄市三民區天祥一路146-1號,週一至週日07:00-22:30,07:00,22:30
高雄建楠門市,07-355-1187,"22.726743,120.3243513",高雄市楠梓區建楠路145號,週一至週日07:00-22:00,07:00,22:00
高雄龍德門市,07-555-0969,"22.6574007,120.294786",高雄市鼓山區龍德路409號,週一至週日07:00-21:00,07:00,21:00
小港桂林門市,07-791-0613,"22.5832025,120.3577201",高雄市小港區桂華街66號,週一至週日07:00-21:30,07:00,21:30
第三波咖啡高雄大立蔦屋門市,07-241-2613,"22.6217077,120.296092",高雄市前金區五福三路57號2樓,週一至週日11:00-21:30,11:00,21:30
博愛北平門市,07-323-4613,"22.6500622,120.3015128",高雄市三民區博愛一路336號,週一至週日07:00-22:00,07:00,22:00
高雄五甲門市,07-821-7456,"22.5925493,120.3252977",高雄市鳳山區五甲三路35號,週一至週日07:00-23:00,07:00,23:00
高雄一心門市,07-331-1387,"22.611058164622012,120.31111264128896",高雄市前鎮區一心二路39號,週一至週日07:00-22:00,07:00,22:00
高雄覺民門市,07-381-3061,"22.639720636004494,120.33880143943914",高雄市三民區覺民路239-241號,週一至週日07:00-22:00,07:00,22:00
高雄華夏門市,07-348-4613,"22.686003555837306,120.31104426827574",高雄市左營區華夏路1303號,週一至週日07:00-22:00,07:00,22:00
高雄後昌門市,07-363-8118,"22.708359676582983,120.29891590424262",高雄市楠梓區後昌路622號,7:00-21:00,7:00,21:00
高雄七賢門市,07-281-0968,"22.63396538256066,120.30512639686413",高雄市新興區林森一路230號,週一至週日07:00-22:00,07:00,22:00
高雄大社門市,07-352-7688,"22.7331666,120.3485052",高雄市大社區大社路42號,週一至週日7:00-22:00,7:00,22:00
仁武八卦門市,(07)375-2086,"22.6843098,120.3427679",高雄市仁武區京吉六路27號,週一至週6:30-21:30,6:30,21:30
高雄義大門市,07-6568213,"22.7299196,120.407539",高雄市大樹區三和里學城路一段5號12號C區LB樓,週一至週五11:00-22:00<br>週六至周日10:00-22:00,11:00,22:00
高雄捷運左營站門市,07-5810-613,"22.6879294,120.3090508",高雄市左營區菜公里27鄰高鐵路107號B1,週一至週日07:00-21:00,07:00,21:00
高科大門市,07-611-1106,"22.7584426,120.3381478",高雄市燕巢區大學路1號2樓,週一至週五7:00-18:00,7:00,18:00
楠梓光寶門市,07-3613613,"22.7241848,120.3013275",高雄市楠梓區內環北路101號,週一至週五7:00-19:00,7:00,19:00
楠梓日月光門市,07-3612613,"22.7226179,120.3018045",高雄市楠梓區中二街35號,週一至週六07:00-20:00,07:00,20:00
基隆信一門市,02-2426-0083,"25.13052366283721,121.74546675506004",基隆市中正區信一路168號1樓,週一至週日07:00-21:00,07:00,21:00
大武崙門市,02-2431-5999,"25.140006933930913,121.71051846850615",基隆市安樂區武嶺街136號,週一至週末7:00-18:30,7:00,18:30
基隆仁二門市,02-2428-1678,"25.1278448,121.7471423",基隆市仁愛區仁二路66號,週一至週日07:30-20:30,07:30,20:30
基隆新豐門市,02-2469-3550,"25.1368369,121.7861411",基隆市中正區新豐街233號,週一至週日07:00-18:30,07:00,18:30
基隆城上城門市,02-2433-3669,"25.1219627,121.7190436",基隆市安樂區麥金路231之5號,週一至週日07:00-16:00,07:00,16:00
基隆七堵門市,02-2451-3551,"25.0831818,121.6969607",基隆市七堵區福五街28號,週一至週日07:00-21:00,07:00,21:00
基隆愛二門市,02-24267100,"25.1295,121.7426049",基隆市仁愛區愛二路72號,週一至週日07:00-22:00,07:00,22:00
金門金城門市,082-311-213,"24.4411461,118.3201642",金門縣金城鎮環島北路一段19號,週一至週日07:00-21:30,07:00,21:30
頭份和平門市,037-688-279,"24.685785163595384,120.9060446245364",苗栗縣頭份市和平路107號,週一至週日07:00-18:00,07:00,18:00
頭份建國門市,037-669-300,"24.6946968,120.9093494",苗栗縣頭份市建國路107號,週一至週日07:00-19:00,07:00,19:00
苗栗縣府門市,037-366-886,"24.5633222,120.8167593",苗栗縣苗栗市建功里民族路70-1與70-2號,週一至週日07:00-21:30,07:00,21:30
竹南站前門市,037-550477,"24.6865236,120.8772795",苗栗縣竹南鎮民族街81號,週一至週日07:00-21:00,07:00,21:00
頭份公園門市,03-7611-622,"24.6934864,120.8880002",苗栗縣頭份市公園二街179號,週一至週日06:30-21:00,06:30,21:00
三義車亭門市,03-787-7899,"24.3900684,120.7585994",苗栗縣三義鄉西湖村下湖5-10號,週一至週四07:30-17:30<br>週五至週日07:30-19:00,07:30,17:30
竹南台積電門市(即將開幕),,"24.7056237,120.9011413",苗栗縣竹南鎮科專七路,,,
埔里酒廠門市,049-299-9323,"23.967946097503802,120.96017886868746",南投縣埔里鎮中山路三段219號,7:00-21:00,7:00,21:00
南投車埕門市,049-277-4088,"23.8320376,120.8636649",南投縣水里鄉車埕村民權巷127號,週一至週日09:00-17:30,09:00,17:30
草屯中正門市,049-236-7719,"23.983842,120.686036",南投縣草屯鎮中正路844號,週一至週日07:00-21:00,07:00,21:00
暨南大學門市,049-2915615,"23.9501872,120.9256922",南投縣埔里鎮大學路501號,週一至週日08:00-17:00,08:00,17:00
輔大烘豆概念門市,02-2901-2570,"25.030375,121.434473",新北市新莊區建國一路55號,週一至週日08:00-22:00,08:00,22:00
三重旗艦門市,02-2278-2322,"25.045665,121.468142",新北市三重區重新路五段609巷2-1號,週一至週五7:30-17:30<br>例假日公休,7:30,17:30
三重重新門市,02-2978-8711,"25.0605,121.492968",新北市三重區重新路三段94號,7:00-21:00,7:00,21:00
台北橋門市,02-2970-6008,"25.062822850456488,121.49959953971526",新北市三重區重新路二段12號,週一至週五07:30-19:00<br> 週六、週日07:30-18:00,07:30,19:00
三重三和門市,02-2972-1205,"25.068592017661285,121.49935166397712",新北市三重區三和路二段156號1樓,8:00-20:00,8:00,20:00
三重龍門門市,02-8988-1083,"25.071809035155606,121.4944609973873",新北市三重區三和路三段84號1樓,週一至週五07:00-21:00<br>               週六、週日及國定假日08:00-17:00,07:00,21:00
三重成功門市,02-2976-2098,"25.051483433808173,121.48775162437137",新北市三重區成功路98號,平日07:30-16:30假日08:00-18:00,07:30,16:30
三重溪尾門市,02-8982-7722,"25.080648015088002,121.48884565320786",新北市三重區溪尾街175號,週一至週末7:00-20:00,7:00,20:00
金城門市,02-8273-1351,"24.98331418283426,121.4656995550575",新北市土城區明德路一段95號,週一至週日07:00-21:00,07:00,21:00
土城裕民門市,02-2261-0568,"24.9869972,121.4508006",新北市土城區裕民路99號,週一至週日07:00-21:00,07:00,21:00
土城頂埔門市,02-2267-5891,"24.9602825,121.4196585",新北市土城區中央路四段62之3號,週一至週五07:30-20:00<br>                週六、週日08:30-17:00,07:30,20:00
中和概念門市,02-8227-2468,"24.997142985089887,121.48709663971405",新北市中和區連城路250號1樓I棟A戶(遠東世紀廣場),,,
中和中和門市,02-2249-8080,"25.001527795424316,121.50041653971411",新北市中和區中和路55號,週一至週日07:30-20:30,07:30,20:30
永安市場門市,02-2928-7791,"25.00267863992829,121.51158232622205",新北市中和區中和路400巷19號,7:00-21:30,7:00,21:30
南勢角門市,02-2942-5922,"24.99005606789972,121.50879398204229",新北市中和區捷運路63號,週一至週日07:00-21:00,07:00,21:00
景平大勇門市,02-2943-1786,"24.993293648075866,121.51730551732474",新北市中和區大仁街19巷8號,7:30-20:00,7:30,20:00
中和建康門市,02-2222-2999,"25.0003599,121.48782",新北市中和區建康路95號,8:00-17:30,8:00,17:30
捷運景安門市,02-2948-6877,"24.994229841732807,121.50520231087823",新北市中和區景安路175-2號,週一至週日07:30-20:30,07:30,20:30
中和自立門市,02-8941-1475,"24.996649855676793,121.52260069738595",新北市中和區自立路5號,7:30-20:30,7:30,20:30
永和竹林門市,02-2924-1113,"25.010502082175044,121.52002881102345",新北市永和區竹林路160號,7:00-16:00,7:00,16:00
永和中山門市,02-8660-8797,"25.007148375697952,121.50721726609291",新北市永和區中山路一段271號,週一至週日07:00-16:00,07:00,16:00
汐科門市,02-8698-1234,"25.06118195234912,121.6456845656476",新北市汐止區新北市汐止區新台五路一段75號B1編號03-04店面,週一至週五07:30-18:00<br>               週末公休,07:30,18:00
汐止門市,02-2647-0587,"25.06248900264168,121.65470531087938",新北市汐止區新台五路一段183號,週一至週日07:00-20:00,07:00,20:00
汐止建成直營門市,02-8691-9990,"25.07327108395972,121.6633735397154",新北市汐止區建成路60號,週一至週日07:30-21:00,07:30,21:00
汐止中興門市,02-8693-2259,"25.066756857320744,121.63096153971536",新北市汐止區中興路226號,週一至週五07:30-16:30<br>週六日、國定假日08:00-17:00,07:30,16:30
板橋文化門市,02-8969-6655,"25.019898650144686,121.46562836855043",新北市板橋區文化路一段309之37號1樓,7:00-22:00,7:00,22:00
新板市府門市,02-2963-8380,"25.0108202,121.4638916",新北市板橋區新民街43號1樓,週一至週日07:00-21:00,07:00,21:00
江子翠門市,02-2254-1717,"25.0309876,121.4730205",新北市板橋區文化路二段367號,週日至週四07:30-21:00<br>               週五、週六07:30-22:00,07:30,21:00
亞東醫院門市,02-8967-6522,"24.9968159,121.451872",新北市板橋區南雅南路二段130號,7:00-18:00<BR>週六7:00-17:00<BR>周日公休,7:00,18:00
板橋重慶門市,02-8952-6688,"25.002019301341008,121.46288249738606",新北市板橋區重慶路195號,週一至週日07:30-19:30,07:30,19:30
新海直營門市,02-2252-5258,"25.02420802740602,121.4606636108787",新北市板橋區雨農路58號,週一至週日07:00-21:00,07:00,21:00
淡水竹圍門市,02-2809-9613,"25.13726,121.459875",新北市淡水區民權路38號,週一至週日07:00-22:00,07:00,22:00
新店建國門市,02-2912-0810,"24.9733024,121.5396299",新北市新店區中正路244號之2,周二至周五7:30-17:00<BR>週六至週日9:00-19:00,7:30,17:00
北新門市,02-2914-8080,"24.96835098400893,121.5414461685497",新北市新店區北新路一段321號,7:30-20:00,7:30,20:00
大坪林門市,02-2910-8110,"24.9803409,121.541766",新北市新店區北新路三段43號,7:30-17:30,7:30,17:30
新莊立信門市,02-2990-1883,"25.051284962236497,121.44418549738695",新北市新莊區立信三街12巷18號,週一至週五07:00-17:00<br>               週六日、國定假日08:00-18:00,07:00,17:00
樹林中山門市,02-2687-0330,"24.990282432792903,121.42280426854992",新北市樹林區中山路一段115號,週一至週日07:00-20:00,07:00,20:00
蘆洲長榮門市,02-8286-0991,"25.087917051228583,121.45959369191992",新北市蘆洲區長榮路412號,週一至週日07:00-21:00,07:00,21:00
三峽學成門市,02-2671-8870,"24.9452163,121.3770184",新北市三峽區學成路325號,7:00-20:00,7:00,20:00
瑞金門市,02-2497-0057,"25.108237214034066,121.80559176855186",新北市瑞芳區明燈路三段65號,週一至週日7:30-20:00,7:30,20:00
金山老街門市,02-2408-1011,"25.22136426946029,121.63802065855423",新北市金山區中山路184號,週一至週日06:30-17:00,06:30,17:00
新莊中原門市,02-2277-9613,"25.054261903298084,121.46125556843708",新北市新莊區中原東路127號,週一至週日7:00-18:00,7:00,18:00
新莊思源門市,02-2998-7177,"25.0494827,121.4554198",新北市新莊區幸福路536號,7:30-18:00,7:30,18:00
林口影視門市,02-2601-6838,"25.080187617660865,121.37921043977742",新北市林口區信義路162號1樓,週一至週日07:00-18:00,07:00,18:00
深坑門市,02-2664-9332,"25.00384320723749,121.60133973966794",新北市深坑區北深路三段204號,週一至週日07:00-20:00,07:00,20:00
新店佳瑪門市,02-8911-3838,"24.9832192,121.5377541",新北市新店區建國路268號,7:00-22:30,7:00,22:30
中和捷運門市,02-8245-1315,"25.00279960732055,121.49651126850388",新北市中和區景平路673號,週一至週日07:00-21:00,07:00,21:00
新莊昌平門市,02-2990-6556,"25.0534419,121.4547983",新北市新莊區昌平街46號,週一至週日7:00-20:30,7:00,20:30
三重自強門市,02-2988-6766,"25.066951083883996,121.49334176850499",新北市三重區自強路一段236號,週一至週日07:00-23:00,07:00,23:00
中和復興門市,02-2245-5195,"24.99020998392015,121.50056206850354",新北市中和區復興路331號,週一至週日07:30-20:20,07:30,20:20
雙和圓通門市,02-2242-3012,"24.99189670818835,121.49482953966773",新北市中和區圓通路295-2號,週一至週日07:00-17:00,07:00,17:00
永和仁愛門市,02-8923-6066,"25.0132459839093,121.51186253966812",新北市永和區仁愛路110號,週一至週日7:00-20:00,7:00,20:00
新莊中正門市,02-2901-5252,"25.026431,121.418095",新北市新莊區中正路879-1號1樓,週一至週日7:00-17:00,7:00,17:00
汐止福德門市,02-2695-3639,"25.0678498,121.6351341",新北市汐止區福德一路118號,週一至週日07:00-16:30,07:00,16:30
樹林興仁花園門市,02-2686-5462,"25.0032065,121.4132335",新北市樹林區保安街二段70號,週一至週日7:00-20:00,7:00,20:00
中和南華門市,02-2243-3002,"24.997266,121.5021888",新北市中和區南華路65號,週一至週日07:30-20:30,07:30,20:30
三峽國際門市,02-2673-0755,"24.942405,121.3715475",新北市三峽區國際一街1號1樓,週一至週日07:00-17:00,07:00,17:00
新店央北門市,02-8667-1999,"24.9736467,121.5285179",新北市新店區央北一路102號,週一至週日7:00-20:00,7:00,20:00
林口忠孝門市,02-2609-0225,"25.0731883,121.3622494",新北市林口區忠孝一路12號,週一至週五7:00-19:00<br>週六、週日07:30-19:30,7:00,19:00
新店安康門市,02-2211-1889,"24.9626839,121.5130919",新北市新店區安康路二段95號,週一至週五07:00-20:00<br>               週六、週日07:00-19:00,07:00,20:00
板橋國光門市,02-2254-7910,"25.0186592,121.4592542",新北市板橋區國光路189-5號,週一至週日07:00-22:00,07:00,22:00
永和安樂門市,02-2922-1588,"25.0041328,121.5124403",新北市永和區安樂路270號,週一至週日07:00-20:00,07:00,20:00
中和宜安直營門市,02-8923-0568,"24.9993298,121.5064621",新北市中和區宜安路180號,週一至週日07:00-21:00,07:00,21:00
淡水水源門市,02-8631-0221,"25.1722145,121.4424005",新北市淡水區水源街1段91號1樓,週一至週日07:00-22:00,07:00,22:00
淡水新市直營門市,02-2625-3613,"25.1828294,121.4439279",新北市淡水區新市一路三段100號,週一至週日07:00-22:00,07:00,22:00
新板特區門市,02-2956-6363,"25.0116985,121.4663688",新北市板橋區區運路105號,週一至週日07:00-21:00,07:00,21:00
汐止大同門市,02-8691-0613,"25.0657027,121.6537027",新北市汐止區大同路二段312巷18號,週一至週日07:30-21:00,07:30,21:00
板橋合宜門市,02-8969-7442,"24.9983303,121.4448646",新北市板橋區合宜路175號1樓,週一至週日07:00-17:00,07:00,17:00
泰山十八甲門市,02-2900-0613,"25.0556756,121.4337733",新北市泰山區仁愛路122號,週一至週日07:00-18:00,07:00,18:00
板橋環球門市,02-8969-2613,"25.0143162,121.461617",新北市板橋區縣民大道二段7號B1,週一至週日06:30-22:00,06:30,22:00
新北市立圖書館門市,02-2959-3613,"25.0013981,121.4529072",新北市板橋區貴興路139號,週一08:30-17:00<br>               週二至週日08:30-20:30,08:30,17:00
板橋新埔門市,02-2254-3613,"25.0239687,121.4647713",新北市板橋區民生路三段21號,週一至週日07:00-21:30,07:00,21:30
林口高中門市,02-2602-4613,"25.0738255,121.378449",新北市林口區仁愛路二段188、190號,週一至週日07:00-21:00<br>               疫情期間另行公告,07:00,21:00
三峽桃子腳門市,02-2680-3613,"24.9467668,121.381612",新北市樹林區學成路709號,週一至週日07:00-21:00,07:00,21:00
五股洲子洋門市,02-2291-4613,"25.0881063,121.4445299",新北市五股區芳洲八路132號、136號,週一至週日07:00-21:00,07:00,21:00
林口扶輪公園門市,02-2608-1613,"25.0749998,121.3670896",新北市林口區文化三路一段460、462號,週一至週日07:00-22:00,07:00,22:00
板橋莊敬門市,02-2254-5613,"25.0270361,121.4710796",新北市板橋區莊敬路41號,週一至週日07:00-21:00,07:00,21:00
淡水沙崙直營門市,02-2805-2613,"25.1829627,121.4209337",新北市淡水區沙崙路137號1、2樓,週一至週日07:00-21:00,07:00,21:00
三重忠孝門市,02-2988-7272,"25.069957,121.4817033",新北市三重區忠孝路二段99-1號,週一至週日07:00-22:00,07:00,22:00
土城日月光門市,02-2273-1613,"24.9783373,121.4425015",新北市土城區中央路二段61巷37號,週日至週四07:00-21:30<br>              週五、週六07:00-22:00,07:00,21:30
汐止夢想社區門市,02-2692-2613,"25.0698346,121.6307613",新北市汐止區民族二街100號1樓,週一至週日07:00-22:00,07:00,22:00
淡水滬尾門市,02-2626-5613,"25.1770065,121.4270416",新北市淡水區中正路一段2號2樓(L102櫃),週日至週四09:00-21:00<br>               週五、週六09:00-21:30,09:00,21:00
新板傑仕堡門市,02-2257-0613,"25.017665,121.4676754",新北市板橋區縣民大道二段277號1樓,週一至週日07:00-21:00,07:00,21:00
永和捷運門市,02-2929-2613,"25.0077453,121.5011967",新北市永和區仁愛路313號1樓,週一至週日07:00-21:00,07:00,21:00
淡水捷運門市,02-2628-3613,"25.1748928485201,121.43272836871101",新北市淡水區中正路1號,週一至週五6:30-21:00<br>        週六、週日7:00-21:00,6:30,21:00
三重中華門市,02-29711613,"25.06198159592103,121.4835749106465",新北市三重區中華路41號1樓、2樓,週一至週日07:00-21:00,07:00,21:00
新店京站門市,02-8913-6018,"24.9725943291266,121.53073355482358",新北市新店區中央路157號1樓,週一至週日07:00-22:30,07:00,22:30
林口文三門市,02-2600-5669,"25.08352098394921,121.37653890422128",新北市林口區文化三路二段217-1號,7:00-20:00,7:00,20:00
新莊中悅門市,02-8522-9919,"25.0544769259583,121.44488673924013",新北市新莊區中原路558號1樓,週一至週日07:00-22:00,07:00,22:00
三重集智門市,02-2857-8613,"25.087380950546667,121.48607707532285",新北市三重區集智街56號,週一至週日07:00-21:00,07:00,21:00
土城青雲門市,02-8273-1393,"24.9805289,121.4589371",新北市土城區青雲路240號,07:00-21:00,07:00,21:00
國道石碇門市,02-2663-3613,"25.008964,121.645312",新北市石碇區文山路一段6號(石碇服務區),週一至週五07:00-20:00週六至週日07:00-21:00,07:00,20:00
新莊中正旗艦門市,02-2208-1613,"25.035277,121.448807",新北市新莊區中正路285號,週一至週日07:00-22:00,07:00,22:00
北大學勤門市,02-8970-1613,"24.947932,121.379157",新北市樹林區學勤路259號,週一至週日07:00-21:00,07:00,21:00
中和連城門市,02-2221-5700,"24.995761,121.4812244",新北市中和區連城路469-1號,週一至週日07:00-21:00,07:00,21:00
亞東誠品門市,02-8966-7676,"24.9972647,121.4505775",新北市板橋區南雅南路二段21號B1,週一至週日07:00-20:00,07:00,20:00
華城社區門市,02-22193613,"24.9905336,121.5341805",新北市新店區中正路696號1樓,週一至週日07:00-20:00,07:00,20:00
台北醫院門市,02-29901399,"25.0429446,121.4594267",新北市新莊區思源路127號,週日公休週一～週五7:00～18:00週六7:00～14:00,,
新店耕莘門市,02-22193668,"24.9762542,121.5352058",新北市新店區中正路368號1-2F,週一至週日7:00~21:30,,
金城延和門市,02-2270-1395,"24.9891208,121.4700235",新北市土城區金城路三段195號,週一至週日07:00-21:00	,07:00,21:00
板橋中正門市,02-2965-8613,"25.0180351,121.4558724",新北市板橋區中正路237號,一~日07:00~21:00	,,
蘆洲民族門市,02-28487220,"25.0910024,121.4759104",新北市蘆洲區民族路366號,週一至週日07:00~20:00,,
幸福微微門市,02-22795613,"25.0492229,121.4467116",新北市新莊區幸福路788號1F、2F,週一至週日07:00-20:00,07:00,20:00
板橋府中門市,02-29527899,"25.0076155,121.4612566",新北市板橋區重慶路32號,週一至週日7:00-21:00,7:00,21:00
板橋三民門市,02-29552968,"25.0151747,121.4793835",新北市板橋區三民路二段141號,週一至週日7:00-21:00,7:00,21:00
七張捷運門市,02-8911-6088,"24.9756359,121.5431648",新北市新店區北新路二段166號,週一至週日07:00-21:30,07:00,21:30
蘆洲湧蓮門市,02-82812613,"25.0836279,121.4703301",新北市蘆洲區中正路78號,週一至週日07:00-21:00,07:00,21:00
明志科大門市,02-2906-9613,"25.0388055,121.4243283",新北市泰山區明志路三段193號,週一至週日07:00-21:00,07:00,21:00
蘆洲佳瑪門市,02-2289-6613,"25.0812555,121.464494",新北市蘆洲區九芎街90巷27號1樓,週一至週日07:00-21:00,07:00,21:00
中和安平門市,02-2252-5555,"24.993261,121.5092318",新北市中和區景平路402之2號,週一至週日07:00-19:00,07:00,19:00
汐科車站門市,02-2691-9613,"25.0641994,121.6525664",新北市汐止區大同路二段182號(汐科車站北站),週一至週日07:00-17:00,07:00,17:00
中和大潤發門市,02-2245-5508,"25.0029495,121.4987411",新北市中和區中山路二段228號,,,
聯合報大樓門市,02-8692-1613,"25.0613016,121.6408506",新北市汐止區大同路一段369號,週一至週五08:00-17:00,08:00,17:00
汐止東科門市,02-8696-1234,"25.060472,121.6483301",新北市汐止區新台五路一段96號C1,週一至週五07:00-18:00,07:00,18:00
新莊嘉軒,02-8521-5613,"25.0600927,121.4539951",新北市新莊區新北大道三段79號,週一至週日08:00-16:00,08:00,16:00
新店矽谷門市,02-29160613,"24.9857782,121.539944",新北市新店區北新路三段213號1樓,週一至週五07:00-20:00週六至週日8:00-17:00,07:00,20:00
新莊宏匯門市(即將開幕),02-85218855,"25.0582656,121.4593799",新北市新莊區思源路553號,週一至週五8:00-17:00,8:00,17:00
澎湖馬公門市,06-9260-258,"23.5656317186919,119.56479153964365",澎湖縣馬公市仁愛路77號,週一至週日8:00-22:00,8:00,22:00
屏東門市,08-732-5020,"22.6740429,120.488418",屏東縣屏東市中華路80號1樓,週一至週日07:00-22:00,07:00,22:00
屏東環球門市,08-732-0905,"22.6732668,120.4912132",屏東縣屏東市仁愛路90號(屏東環球購物中心),週一至週日07:00-22:00,07:00,22:00
中港門市(澄清醫院旁),04-2463-8248,"24.183629671858,120.6169626409837",台中市西屯區福康路26號,週一至週五06:30-16:00<br>周六及國定假日6:30-13:00<br>週日公休,06:30,16:00
福星公園門市,04-2452-9143,"24.17200023918824,120.64825873403171",台中市西屯區河南路2段301巷72號,週一至週日07:15-21:00,07:15,21:00
台中大墩門市,04-2326-2617,"24.154672652790566,120.64987623970003",台中市南屯區大墩路806號,6:30-18:30<BR>假日7:30-18:30,6:30,18:30
大甲鎮瀾門市,04-2676-1846,"24.345854333825823,120.62250756853906",台中市大甲區育德路21號,6:30-20:00,6:30,20:00
進化門市,04-2233-1068,"24.1595056,120.6920475",台中市北區進化路571-2號,週一至週日07:00-19:00,07:00,19:00
台中文心一門市,04-2320-0052,"24.1494498,120.6447277",台中市南屯區文心路一段376號,週一至週日07:30-19:30,07:30,19:30
台中精密園區門市,04-2359-9671,"24.1486964,120.605798",台中市南屯區精科路112號,週一至週日07:00-19:00,07:00,19:00
興大門市,04-2285-6137,"24.1236846,120.6770662",台中市南區興大路145號1樓(中興大學學生餐廳),週一至週日07:00-19:00,07:00,19:00
精誠門市,04-2327-1585,"24.1564957,120.6546754",台中市西區精誠路7-2號,週一至週日7:30-18:00,7:30,18:00
大墩向心門市,04-2472-6613,"24.1440613,120.6497141",台中市南屯區大墩路301號,週一至週日07:00-21:00,07:00,21:00
十甲東門市,04-2215-2666,"24.1407653,120.7061075",台中市東區十甲東路566號,週一至週日07:00-21:00,07:00,21:00
漢口門市,04-2312-9987,"24.1649949,120.6615372",台中市西屯區漢口路二段110-7號,週一至週日06:30-19:00,06:30,19:00
大里永隆門市,04-2407-8212,"24.104929,120.6773786",台中市大里區永隆路35號,週一至週日07:00-21:00,07:00,21:00
文心森林公園門市,04-2382-4613,"24.1463749,120.6412353",台中市南屯區惠文路525號、527號,週一至週日07:30-17:00,07:30,17:00
台中大雅門市,04-2566-1088,"24.228565743840974,120.64732853985643",台中市大雅區學府路459號,週一至週五6:30-16:00周末7:00-16:00,6:30,16:00
一中門市,04-2223-1613,"24.1486677,120.6845932",台中市北區雙十路一段125號,週一至週日07:00-17:00,07:00,17:00
景賢門市,04-2436-2205,"24.1671225,120.7219172",台中市北屯區景賢路232號,週一至週日07:00-21:00,07:00,21:00
豐原三民門市,04-2512-1700,"24.2535127,120.715759",台中市豐原區三民路192號,週一至週日07:00-22:00,07:00,22:00
中科直營門市,04-2462-4613,"24.186483,120.612576",台中市西屯區福科路579號,週一至週日07:00-21:00,07:00,21:00
太平育賢門市,04-2392-5680,"24.1587838,120.7143955",台中市太平區育賢路265號,週一至週日07:00-19:00,07:00,19:00
進化北門市,04-2236-4980,"24.1633131,120.6781822",台中市北區進化北路378之39號,週一至週日07:00-19:00,07:00,19:00
台中博館門市,04-2321-0818,"24.1539577,120.6649895",台中市北區博館二街62號,週一至週日07:00-20:00,07:00,20:00
台中德富門市,04-2265-0311,"24.1208373,120.6509206",台中市南區德富路30號,週一至週日07:00-21:00,07:00,21:00
台中梧棲門市,04-2658-3297,"24.2574433,120.531821",台中市梧棲區文化路二段280號,週一至週日07:30-21:00,07:30,21:00
葳格軍福門市,04-2436-0348,"24.1780998,120.7114034",台中市北屯區松竹五路二段228號,週一至週日07:00-17:00,07:00,17:00
后里美光門市,04-2558-2613,"24.3181102,120.7219029",台中市后里區三豐路四段369號5,週一至週五07:30-18:00,07:30,18:00
北勢東門市,04-2632-1333,"24.2183781,120.5771322",台中市沙鹿區北勢東路333號,週一至週日07:00-21:00,07:00,21:00
東興門市,04-2471-2383,"24.1451398,120.6506944",台中市西區向上南路一段168號,週一至週日07:00-20:00,07:00,20:00
健行門市,04-2238-3588,"24.159049,120.6801209",台中市北區健行路391號,週一至週日06:30-23:00,06:30,23:00
豐原圓環門市,04-2527-6566,"24.2587157,120.7182961",台中市豐原區圓環北路一段338號1、2樓,週一至週日07:00-21:00,07:00,21:00
第三波咖啡崇德直營門市,04-2422-4613,"24.1870854,120.683841",台中市北屯區崇德路三段181號,週一至週日07:30-22:00,07:30,22:00
五權美村門市,04-2378-5559,"24.1353091,120.6596278",台中市西區美村路一段689號,週一至週日07:00-22:00,07:00,22:00
美村直營門市,04-2322-1613,"24.1526472,120.6596917",台中市西區美村路一段103號,週一至週日07:00-20:00,07:00,20:00
台中科大門市,04-2208-0508,"24.152016,120.6803883",台中市北區中華路二段120之3號1樓、2樓,週一至週日07:00-22:00,07:00,22:00
大里國光門市,04-2407-1177,"24.10284003353158,120.68146716830027",台中市大里區國光路二段147號1+2樓、149號1樓,週一至週日07:00-21:30,07:00,21:30
台中高鐵門市,04-3600-0613,"24.111714977171697,120.61570536800122",台中市烏日區站區二路8號,週一至週四06:00-21:00<br>      週五至週日06:00-22:00,06:00,21:00
亞大醫院門市,04-2331-0622,"24.053617385845193,120.68603113305905",台中市霧峰區南柳里福新路222號B1,週一至週五07:30-19:30、週六07:30-13:30,07:30,19:30
鼎盛大樓門市,,"24.16350518973328,120.6376643846592",台中市西屯區市政北二路236號三樓之1(櫃位307),(即將為您服務)週一至週五07:00-21:00,07:00,21:00
東山和順門市,04-2437-3689,"24.17604386611964,120.72251707530955",台中市北屯區東山路一段318-1號,週一至週日07:00-21:00,07:00,21:00
台中民權門市,04-2222-5790,"24.137294689003014,120.68098343297949",台中市中區民權路60號,週一至週日07:00-21:00,07:00,21:00
漢口崇德門市,04-2234-1613,"24.166894478649073,120.68377930429813",台中市北區漢口路四段316號,07:00-21:00,07:00,21:00
台中漢翔門市,04-2706-6613,"24.184009,120.644768",台中市西屯區福星北路50號1樓,07:00-20:00,07:00,20:00
霧峰樹仁門市,04-2332-8886,"24.063637,120.6947241",台中市霧峰區樹仁路52號,週一至週日07:00-21:00,07:00,21:00
榮德山西門市,04-23696263,"24.1823089,120.6788319",台中市北屯區榮德路263號,週一至週日7:00-21:00,7:00,21:00
潭子勝利門市,04-2535-8613,"24.2118988,120.7006419",台中市潭子區勝利路246號1.2樓,週一至週日06:30-20:00,06:30,20:00
沙鹿靜宜門市,04-2631-1232,"24.2258547,120.5713989",台中市沙鹿區英才路102號,週一至週日07:00-17:00,07:00,17:00
太平中山門市,04-2395-6956,"24.1498742,120.7120623",台中市太平區中山路四段31號,週一至週日07:00-22:00,07:00,22:00
中教大門市,04-2224-5058,"24.1318204,120.6670747",台中市西區五權路61號及61-1號,寒暑假每日07:00-18:00<br>開學每日07:00-21:00,07:00,18:00
東海東園門市,04-2652-5557,"24.1818522,120.5921128",台中市龍井區台灣大道五段3巷62弄16號,週一至週日07:00-21:00,07:00,21:00
台中中清門市,04-2293-0613,"24.1688782,120.6728158",台中市北區中清路一段712號,週一至週日07:00-21:00,07:00,21:00
東海大學門市,04-2463-8585,"24.1783357,120.6498026",台中市西屯區台灣大道四段1727號(東海大學第二校區商學大樓M161室),週一至週五07:30-20:30<br>週六至週日8:30-17:00,07:30,20:30
台南湖美門市,06-358-2300,"23.002992968706238,120.18715010319076",台南市中西區中華西路二段588號1樓,7:00-18:00,7:00,18:00
台南新光門市,06-511-5237,"22.98723028333896,120.20025672863696",台南市中西區永福路一段78號,週一至週日07:00-18:00,07:00,18:00
台南永康門市,06-312-1793,"23.008310171972695,120.2319167111869",台南市永康區中華二路365號,週一至週日07:00-19:00,07:00,19:00
台南中華門市,06-302-6688,"23.017814734245704,120.22783699752935",台南市永康區中華路786號,週一至週日7:30-19:00,7:30,19:00
台南新市門市,06-5895-959,"23.0707891848607,120.29229416847163",台南市新市區新和里中正路26號,週一至週日7:00-17:00,7:00,17:00
台南文平門市,06-293-0088,"22.9922836,120.1787529",台南市安平區文平路400號,週一至週日07:00-21:00,07:00,21:00
崇善門市,06-260-8855,"22.9803798,120.2233034",台南市東區崇善路172號,週一至週日6:30-20:00,6:30,20:00
小北門市,06-2525-951,"23.00929010962676,120.20620846847062",台南市北區立賢路一段39號,週一至週日07:00-18:00,07:00,18:00
東安門市,06-236-8613,"22.9932979,120.2267221",台南市東區東安路100號,週一至週日07:00-21:00,07:00,21:00
台南長榮門市,06-276-0288,"22.9901069,120.2185252",台南市東區長榮路二段178號,週一至週日07:00-21:00,07:00,21:00
台南善化門市,06-581-1039,"23.1271879,120.2940483",台南市善化區文昌里中正路365號,7:00-17:30,7:00,17:30
台南郡平門市,06-299-9056,"22.9888469,120.1675245",台南市安平區郡平路131號,週一至週日07:00-20:00,07:00,20:00
台南東門門市,06-267-1461,"22.9780108,120.2334355",台南市東區東門路三段180、182號,週一至週五07:00-19:00<br>               週六、週日08:00-20:00,07:00,19:00
成大勝利門市,06-236-1613,"22.9948316,120.2179287",台南市東區勝利路125號,週一至週日07:00-19:00,07:00,19:00
台南文元門市,06-252-5222,"23.0158543,120.2005222",台南市北區海安路三段800號,週一至週日07:00-20:00,07:00,20:00
台南北安門市,06-246-9613,"23.0320782,120.2024643",台南市安南區北安路二段262號,週一至週五07:00-20:00<br>週六、週日07:00-20:30<br>親子室開放時間(尚未開放),07:00,20:00
台南大同門市,06-216-0098,"22.9826834,120.2089257",台南市中西區大同路一段214號1樓,週一至週日07:00-21:00,07:00,21:00
台南復國門市,06-201-1859,"23.011333822516818,120.24607826866935",台南市永康區復國一路339-1號,週一至週日07:00-19:00,07:00,19:00
台南麻豆門市,06-571-6638,"23.18353,120.2429017",台南市麻豆區中山路129號,週一至週日07:00-22:00,07:00,22:00
台南華平門市,06-299-2698,"22.989982,120.1726285",台南市安平區華平路269號,週一至週日07:30-20:00,07:30,20:00
台南奇美門市,06-283-0613,"23.0213258,120.21918",台南市永康區中華路903號,週一至週日07:00-21:00,07:00,21:00
台南佳里門市,06-723-7179,"23.1629296,120.1746527",台南市佳里區中山路392號,週一至週日07:00-20:00,07:00,20:00
台南崑山門市,06-205-8060,"22.9992598,120.2512914",台南市永康區大灣路1006號,週一至週五07:00-18:00週六日及國定假日07:00-17:00,07:00,18:00
台南台積電P5廠門市,06-505-3613,"23.1151238,120.2682787",台南市善化區南科九路17號(台積電P5廠),週一至週五07:30-20:00,07:30,20:00
新營門市,06-633-0613,"23.3065053,120.3082005",台南市新營區三民路152-1號,週一至週日07:00-22:00,07:00,22:00
水萍塭門市,06-223-6333,"22.989369169886064,120.19531460429873",台南市中西區海安路一段96號,週一至週日07:00-21:00,07:00,21:00
台積電P7門市,06-505-0589,"23.1083622,120.2677489",台南市善化區三抱竹路1號,週一至週五07:30-19:00,07:30,19:00
敦南門市,02-2755-0101,"25.03064367783698,121.55037986866756",台北市大安區敦化南路二段81巷45弄21號,週一至週五7:30-17:00<br>週六、週日公休,7:30,17:00
華山門市,02-2321-5938,"25.0436986,121.5225806",台北市中正區紹興南街4-1號,周一至周五7:30-18:00<br>周六8:30-15:00<br>周日國定假日公休,7:30,18:00
逸仙門市,02-8780-4613,"25.040494,121.5621418",台北市信義區逸仙路50巷6號,週一至週末7:30-16:00,7:30,16:00
寶慶門市,02-2370-8538,"25.042409872089195,121.5100019971534",台北市中正區衡陽路114號,週一至週五07:00-20:00<br>               例假日08:00-20:00,07:00,20:00
延平門市,02-2361-0718,"25.034721880797406,121.50750267027153",台北市中正區延平南路214號,週一至週五7:00-18:00<br>周末公休,7:00,18:00
杭州門市,02-2327-8819,"25.03610222421384,121.52461581285469",台北市中正區杭州南路一段153號,週一至週日07:00-17:00,07:00,17:00
重慶南門市,02-2311-4088,"25.043941,121.513411",台北市中正區重慶南路一段77-2號,7:30-18:00,7:30,18:00
信義新生門市,02-2343-5831,"25.0368971,121.5324936",台北市中正區新生南路一段130號,7:30-19:00<BR>例假日8:00-20:00,7:30,19:00
酒泉門市,02-2585-2121,"25.0721114,121.5142751",台北市大同區酒泉街139號,週一至週日08:00-18:00,08:00,18:00
民權門市,02-2517-7759,"25.0617122,121.5347548",台北市中山區松江路313巷22號之2,周一至周五7:00-16:00<br>周六至周日及國定假日8:00-13:00<br>不定期公休,7:00,16:00
南西門市,02-2531-7138,"25.051634013973135,121.52207695518369",台北市中山區中山北路一段140巷138號(後棟),週一至週日8:00-18:00,8:00,18:00
晴光門市,02-2599-3207,"25.06549246361323,121.52436409751276",台北市中山區雙城街17-6號,週一至週五07:00-19:00<br>週六至週日08:00-19:00,07:00,19:00
大直門市,02-8509-8222,"25.082998,121.5466682",台北市中山區北安路621巷49號,週一至週五7:30-21:00<br>周末/例假日/寒暑假7:30-17:00,7:30,21:00
伊通門市,02-2515-6765,"25.0528746,121.5349538",台北市中山區伊通街85號,週一至週五08:00-18:30<br>               週末公休,08:00,18:30
樂群直營門市,02-8502-9991,"25.079903668511083,121.55710228368986",台北市中山區樂群二路150號,週一至週日07:00-18:00,07:00,18:00
民生松江門市,02-2541-9655,"25.0578088,121.5324104",台北市中山區民生東路二段150號,週一至週五07:00-21:00<br>               週六、週日08:00-20:00,07:00,21:00
三民門市,02-2766-1312,"25.0516257,121.5626467",台北市松山區南京東路五段163-13號,週一至週五7:30-16:00<br>週六、週日公休,7:30,16:00
敦北門市,02-2719-0500,"25.061315847399435,121.54769578389477",台北市松山區敦化北路244巷35號,週一至週日08:00-16:00,08:00,16:00
慶城門市,02-2545-2555,"25.053298052811616,121.5452123397151",台北市松山區慶城街16巷10號,週一至週五07:00-21:00<br>               週六、週日08:00-21:00,07:00,21:00
民生圓環門市,02-2761-6620,"25.0597192,121.5657668",台北市松山區新東街33號,週一到週日07:00-20:00,07:00,20:00
民生光復門市,02-2765-4166,"25.058699277631906,121.55556032622277",台北市松山區民生東路五段3號,週一至週五7:30-17:30<br>周末8:00-17:00,7:30,17:30
麥帥門市,02-2765-8808,"25.0508772,121.5671283",台北市松山區南京東路五段250巷2弄19號,7:30-17:00,7:30,17:00
古亭門市,02-2362-6229,"25.026703543584823,121.52179011273006",台北市大安區羅斯福路二段83-1號1樓,7:30-20:00,7:30,20:00
城中門市,02-2361-6909,"25.04638576307774,121.51085262622274",台北市中正區延平南路13號B,週一至週五07:00-17:30<br>               例假日09:30-17:30,07:00,17:30
忠孝門市,02-2711-7627,"25.042834707832146,121.53979348204321",台北市大安區忠孝東路三段217巷4弄2號,8:00-17:00<BR>周六8:00-16:00<BR>周日及國定假日休,8:00,17:00
市民門市,02-8773-6443,"25.0435203,121.5574173",台北市大安區光復南路102號1樓,週一至週末7:30-17:00,7:30,17:00
建國門市,02-2704-2955,"25.02673818657602,121.53944725320696",台北市大安區瑞安街151號,7:00-19:00<BR>週六至週日8:00-17:00,7:00,19:00
國泰門市,02-2325-0707,"25.03695097744007,121.55451681087892",台北市大安區仁愛路四段300巷13-2號,週一至週日07:30-18:00,07:30,18:00
大安門市,02-2707-9005,"25.033385887810947,121.5445619262225",台北市大安區信義路四段28號,週一至週五7:00-16:30<br>週六7:30-15:30<br>週日7:30-14:00,7:00,16:30
六張犁門市,02-2739-0241,"25.024367913554425,121.55186926855045",台北市大安區基隆路二段190-1號,週一至週日07:00-19:00,07:00,19:00
仁愛敦化門市,02-2325-0552,"25.037176697798483,121.55011928204297",台北市大安區仁愛路四段122巷4號,週一至週日7:00-17:00,7:00,17:00
和平新生門市,02-2362-0860,"25.0260869,121.532252",台北市大安區和平東路一段228號,週一至週日7:00-17:00,7:00,17:00
萬華西藏門市,02-2303-2525,"25.02932973817437,121.50235456855061",台北市萬華區西藏路125巷5號,週二至週日8:00-18:00<br>周一公休,8:00,18:00
萬華龍山門市,02-2308-2255,"25.035762187370196,121.49899331273018",台北市萬華區和平西路三段143號,7:30-19:00,7:30,19:00
永春概念門市,02-2766-6672,"25.044074267476297,121.57532426855084",台北市信義區永吉路326巷50號,週一至週五07:00-18:00<br>               週六、週日及國定假日08:00-18:00,07:00,18:00
信義永春門市,02-2726-2700,"25.037598000467252,121.57816845505845",台北市信義區松山路562號,週一至週五7:00-17:00週六日08:00~17:00,7:00,17:00
明德直營門市,02-2825-0613,"25.11018667133526,121.51994673971598",台北市北投區明德路119號,週一至週五07:00-21:00<br>               週六、週日07:30-21:00,07:00,21:00
內湖三民門市,02-2793-6263,"25.068594,121.5852389",台北市內湖區民權東路六段72號,7:30-18:00,7:30,18:00
內湖文湖門市,02-2659-8613,"25.08699448573911,121.56161409738753",台北市內湖區文湖街37號,週一至週日07:00-21:00,07:00,21:00
內湖成功直營門市,02-8792-8631,"25.082517791650005,121.5929153838951",台北市內湖區成功路四段75號,週一至週五07:00-22:00<br>               週六、週日07:30-22:00,07:00,22:00
民權成功門市,02-2793-3136,"25.0691104,121.5922007",台北市內湖區民權東路六段117-1號,周一至週五7:00-18:00<br>周末7:30-18:00,7:00,18:00
東湖門市,02-2633-0225,"25.069294,121.613415",台北市內湖區東湖路33巷8號1樓,週一至週日09:00-19:00,09:00,19:00
內湖行善門市,02-8792-9998,"25.0570143,121.576212",台北市內湖區行善路62號,7:00-17:00,7:00,17:00
內湖285門市,02-2799-7335,"25.083503809419412,121.56696713971553",台北市內湖區內湖路一段285巷27弄1號,週一至週五07:00-17:00<br>               週六、週日及國定假日08:00-17:00,07:00,17:00
內湖堤頂門市,02-2656-1828,"25.0786955,121.567116",台北市內湖區堤頂大道二段239號,週一至週日7:30-17:00,7:30,17:00
南港門市,02-2655-1828,"25.0568101,121.6134504",台北市南港區三重路19-4號1樓(南軟園區一期商店街),週一至週五7:30-16:30<br>               週末公休,7:30,16:30
後山埤門市,02-2785-5032,"25.0436043,121.5827594",台北市南港區南港區中坡南路13號,平日07:30-21:00<br>               假日07:30-20:00,07:30,21:00
松山站前門市,02-2788-9298,"25.0505038,121.5804575",台北市南港區八德路四段786號,週一至週五8:00-18:00<br>周六9:00-17:00<br>周日公休,8:00,18:00
景美門市,02-2934-2580,"24.99325593990642,121.5419287685499",台北市文山區景中街13號,週一至週日07:00-15:00,07:00,15:00
萬芳醫院門市,02-2239-3838,"24.99919978167112,121.55820115505786",台北市文山區興隆路三段119號,週一、週四及週日07:00-21:00<br>               週五至週六07:00-21:30,07:00,21:00
木新門市,02-2938-8115,"24.9815344,121.5605018",台北市文山區木新路三段177號,7:00-18:00        ,7:00,18:00
政大門市,02-2234-3880,"24.979785914907684,121.58674285505735",台北市文山區萬壽路3號1樓,週一至週五7:30-20:00<br>週六、日8:00-17:00,7:30,20:00
劍潭承德門市,02-2885-3335,"25.081325803723104,121.52301452023201",台北市士林區承德路四段53號,週一至週日7:00-21:00,7:00,21:00
信義松仁門市,02-2758-3848,"25.024704127248647,121.5693028819965",台北市信義區松仁路242號,週一至週日07:00-17:00,07:00,17:00
芝山直營門市,02-2832-2163,"25.102299414901577,121.5240922685056",台北市士林區福國路38號,週一至週五07:00-20:00<br>               週六、週日07:30-20:00,07:00,20:00
內湖瑞光直營門市,02-2799-8377,"25.07867861866402,121.5704736685053",台北市內湖區瑞光路431號,週一至週五07:30-18:00<br>               週六、週日與國定假日公休,07:30,18:00
北捷x路易莎聯名大安森林門市,02-2701-5800,"25.0334202,121.5370039",台北市大安區信義路三段100號B1(捷運2號出口右方樓梯下),週一至週日07:00-21:00<br>               營業時間變動提前店內公告,07:00,21:00
中山承德直營門市,02-2555-0121,"25.053167064475083,121.51891396850478",台北市大同區南京西路65號,週一至週日07:00-21:00,07:00,21:00
南京建國直營門市,02-2507-9817,"25.051808483891136,121.53538396850473",台北市中山區南京東路二段206號,週一至週五07:00-19:00<br>               週六、週日07:00-16:00,07:00,19:00
北投社直營門市,02-2892-1613,"25.1330077,121.4979508",台北市北投區光明路65號1樓,週一至週日07:00-21:00,07:00,21:00
信陽直營門市,02-2311-6191,"25.04477070397637,121.516659210833",台北市中正區信陽街5號之2,週一至週五07:00-20:00<br>週六至週日07:30-20:00,07:00,20:00
瑞安直營門市,02-2707-6974,"25.0285723,121.5372623",台北市大安區建國南路二段151巷40號,週一至週日07:00-21:00,07:00,21:00
天母東直營門市,02-2875-6311,"25.116765298227964,121.53184442617771",台北市士林區天母東路8巷31弄2號,週一至週五07:00-19:00<br>週末07:30-17:00,07:00,19:00
松江長安門市,02-2508-3302,"25.04831834429371,121.53390339734061",台北市中山區長安東路二段78-1號,週一至週五7:00-19:00<br>假日9:00-18:00,7:00,19:00
木柵直營門市,02-2234-8898,"24.988678,121.5643363",台北市文山區木柵路三段63號,週一至週日07:00-21:00,07:00,21:00
八德台安門市,02-2751-6138,"25.0483758,121.5466264",台北市松山區八德路二段429號,週一至週日07:00-21:00,07:00,21:00
內湖家樂福門市,02-2791-1613,"25.0604197,121.5731091",台北市內湖區民善街88號,週一到週五08:00-21:00<br>               週六、週日09:30-21:30,08:00,21:00
民生富錦直營門市,02-2756-9616,"25.0578599,121.561131",台北市松山區三民路113巷1-3號,週一至週日07:00-21:00,07:00,21:00
桂林門市,02-2308-5252,"25.0376381,121.5032415",台北市萬華區桂林路26號,週一至週日07:30-21:00,07:30,21:00
圓山直營門市,02-2586-3613,"25.0707337,121.5168147",台北市大同區酒泉街35號,週一至週五07:00-21:00<br>               週六、週日07:30-21:00,07:00,21:00
景美SOHO門市,02-2931-9613,"24.9954866,121.5387536",台北市文山區羅斯福路六段146號,週一至週五07:00-21:00<br>               週六、週日07:30-21:00,07:00,21:00
德行西門市,02-2831-9613,"25.1052524,121.5209767",台北市士林區德行西路36號1樓,週一至週五07:00-21:00<br>               週六、週日07:30-21:00,07:00,21:00
台大西址門市,02-2381-0618,"25.0416211,121.5150057",台北市中正區常德街1號,週一至週五07:00-18:00<br>               週六08:00-14:00<br>               週日依店內公告,07:00,18:00
新光保險小舖門市,02-2311-6613,"25.0461226,121.5157638",台北市中正區忠孝西路一段50號1樓,週一至週五07:00-19:00<br>週六至週日07:30-18:00,07:00,19:00
內湖CITYLINK門市,02-8791-7331,"25.0842952,121.5924459",台北市內湖區成功路四段188號,週日至週四07:30-21:30<br>               週五、週六07:30-22:00<br>               (提供外送服務),07:30,21:30
南昌直營門市,02-2351-1613,"25.029939,121.5161241",台北市中正區南昌路一段123號1樓,週一至週日07:00-17:00,07:00,17:00
松江農安門市,02-2502-3613,"25.0639782,121.5312447",台北市中山區松江路363號1樓,週一至週日07:00-20:30,07:00,20:30
永春門市,02-2345-0613,"25.0406617,121.5743363",台北市信義區忠孝東路五段458號1樓,週一至週日07:00-21:00,07:00,21:00
南港展覽館直營門市,02-2786-2613,"25.0566336,121.6151165",台北市南港區經貿二路1號1樓商店街106-2,週一至週五7:30-16:30<br>               週六、週日公休（依展覽活動調整）,7:30,16:30
基河新光門市,02-2880-5613,"25.091693,121.5186207",台北市士林區基河路250號,週一至週日07:30-21:00,07:30,21:00
師大直營門市,02-2396-1613,"25.0270647,121.5231302",台北市大安區和平東路一段79號,週一至週五07:00-22:30<br>               週六、週日07:30-22:30,07:00,22:30
天母忠誠門市,02-2871-3613,"25.1182666,121.5321719",台北市士林區天母東路67之1號,週一至週五07:00-19:00<br>週末7:30-19:00,07:00,19:00
路易莎松山生活運動門市,02-2747-1613,"25.0496575,121.5768697",台北市松山區市民大道六段131號,週一至週日07:00-21:00,07:00,21:00
忠孝SOGO門市,02-2775-4613,"25.0490554,121.5398616",台北市大安區復興南路一段133之1號,週一至週日07:00-22:00,07:00,22:00
金山南門市,02-2358-3613,"25.0422898,121.5271631",台北市中正區金山南路一段8號1樓,週一至週日07:00-20:30,07:00,20:30
葫洲成功門市,02-2633-1613,"25.0732266,121.6043863",台北市內湖區成功路五段466號1樓、462號2樓,週一至週日07:30-21:30,07:30,21:30
新北投直營門市,02-2897-2610,"25.1379367,121.5008489",台北市北投區中和街22號,週一至週日07:00-21:00,07:00,21:00
福德大道門市,02-2727-0700,"25.0380027,121.5818122",台北市信義區福德街183號,週一至週日07:30-18:00,07:30,18:00
榮星花園門市,02-2504-0613,"25.0621329,121.5379223",台北市中山區民權東路三段16號,週一至週日07:00-17:00,07:00,17:00
捷運市府門市,02-2756-6613,"25.041346,121.5637813",台北市信義區忠孝東路五段33號,週一至週日07:00-21:00,07:00,21:00
台北莊敬門市,02-2345-3613,"25.0284926,121.562192",台北市信義區莊敬路325巷36號,週一至週五07:00-22:00<br>               週六、週日07:30-22:00,07:00,22:00
東吳大學門市,02-2888-3613,"25.0932079,121.5434977",台北市士林區臨溪路70號,週一至週五07:00-20:00,07:00,20:00
台北站前門市,02-2311-3800,"25.04628844064547,121.51645040233068",台北市中正區忠孝西路一段38號B1-B櫃,週一至週五07:00-16:00週六至週日08:00-16:00,07:00,16:00
士林前港門市,02-2882-2613,"25.084872,121.5204961",台北市士林區前港街11號1樓,週一至週日07:00-21:00,07:00,21:00
南港中信門市,02-2788-1613,"25.0589362,121.6133025",台北市南港區經貿二路186號b棟3樓,週一至週日7:30~21:30,,
南港蔦屋門市,02-2783-6613,"25.0526405,121.6037979",台北市南港區忠孝東路7段369號2樓(南港CITYLINKA棟),週一至週四11:00-21:30<br>               週五、週六08:30-22:30<br>               週日08:30-21:30,11:00,21:30
台大卓越門市,02-2367-6613,"25.0173405,121.5375631",台北市大安區羅斯福路四段1號2樓(卓越聯合商場),週一至週日08:00-20:00,08:00,20:00
信義金山直營門市,02-2341-2613,"25.0337601,121.5259485",台北市大安區信義路二段128號,週一至週日07:00-21:00,07:00,21:00
民權復興門市,02-2716-9613,"25.061783,121.5440543",台北市松山區民權東路三段132號1樓,週一至週日07:00-19:00,07:00,19:00
庫倫承德門市,02-2595-2221,"25.0725163,121.5163015",台北市大同區承德路三段238號,週一至週日07:00-21:00,07:00,21:00
八德光復門市,02-2579-3110,"25.0482528,121.555042",台北市松山區八德路三段237號1+2樓,週一至週五07:00-19:00<br>週六週日08:00-19:00,07:00,19:00
復興辛亥門市,02-2738-0658,"25.0215965,121.5401136",台北市大安區辛亥路二段205號,週一至週五07:00-21:00<br>週末、國定假日07:00-16:00,07:00,21:00
北科光華門市,02-8771-6613,"25.0440482,121.5311349",台北市大安區新生南路一段1號光華館1樓,週一至週五07:30-19:00<br>週六至週日8:00-16:30,07:30,19:00
TICC外貿協會門市,02-2345-8613,"25.03358124546776,121.56048963763126",台北市信義區信義路五段1號102會議室旁,週一至週日07:00-17:00,07:00,17:00
民生敦北門市,02-2719-4613,"25.05834733543684,121.55130657016828",台北市松山區民生東路四段71號,週一至週日07:00-21:00,07:00,21:00
天母米蘭門市,02-2820-6613,"25.119253395845714,121.52227367016944",台北市北投區天母西路132及132之1號,週一至週五07:00-21:30<br>               週六、週日07:30-21:30,07:00,21:30
遠企四維門市,02-2325-6613,"25.02832347603688,121.54795661249617",台北市大安區四維路170巷2號1樓,週一至週日07:00-21:00,07:00,21:00
忠孝新生門市,02-2321-5613,"25.04112871191895,121.53246242598918",台北市中正區新生南路一段56號,週一至週日07:00-19:00,07:00,19:00
國防醫學院門市,02-8792-8530,"25.06881204703005,121.59541896091655",台北市內湖區民權東路六段161號(博愛大樓1樓),7:00-17:00,7:00,17:00
象山藝文門市,02-8786-0393,"25.033555403539726,121.57200145482479",台北市信義區信義路五段95號,週一至週日07:00-21:00,07:00,21:00
葡眾內湖門市,02-2793-8613,"25.06185648986728,121.58704574133253",台北市內湖區南京東路六段451巷33號、35號,週一至週日07:00-21:00,07:00,21:00
中崙大潤發門市,02-8772-5613,"25.047082161957235,121.54254416866782",台北市中山區八德路二段306號B1,週一至週日07:00-22:00,07:00,22:00
北醫大校區門市,02-2736-0613,"25.025900125883037,121.56194834896301",台北市信義區吳興街250號,週一至週五07:00-21:00<br>週六08:00-18:00<br>週日公休<br>寒暑假週一至週五08:00-18:00<br>週六、日公休,07:00,21:00
士林中正門市,02-28333613,"25.0950164,121.5238599",台北市士林區中正路278號1F-3F,週一至週日07:00-21:00,07:00,21:00
光復南京門市,02-2545-9555,"25.051279883964348,121.55673090428708",台北市松山區南京東路四段166號,週一至週五07:00-21:00<br>               週六、週日08:00-21:00,07:00,21:00
萬華東園門市,02-2305-6613,"25.0242452882491,121.4971345397092",台北市萬華區東園街106號,週一至週日07:00-21:00,07:00,21:00
堤頂407門市,02-2627-6613,"25.081059466747753,121.56366473971698",台北市內湖區堤頂大道二段407巷24號1樓,週一至週六07:00-18:00<br>               週日公休,07:00,18:00
建國花市門市,02-2700-3613,"25.033326265456388,121.53835179744125",台北市大安區信義路三段104號,週一至週日07:00-21:00,07:00,21:00
建成圓環門市,02-2552-3613,"25.05371848396311,121.51500613973795",台北市大同區南京西路264號,週一至週日07:00-21:00,07:00,21:00
仁愛明曜門市,02-2731-3613,"25.039504664719,121.5519433976147",台北市大安區仁愛路四段151巷25號,週一至週五07:00-21:00,07:00,21:00
見潭傑仕堡門市,02-2883-8613,"25.08917576738832,121.52043686857394",台北市士林區承德路四段250號,週一至週日07:00-17:00,07:00,17:00
瑞光316門市,02-2658-8613,"25.075872266338457,121.57313271088171",台北市內湖區瑞光路316巷58號,週一至週五07:00-18:00週六、週日公休,07:00,18:00
南海門市,02-2321-1613,"25.032151820731958,121.5158975397161",台北市中正區南海路36號,週一至週日07:00-17:00,07:00,17:00
和平麟光門市,02-2377-5613,"25.02019953992368,121.55649243971575",台北市大安區和平東路三段310號1樓,週一至週日07:00-17:00,07:00,17:00
南港CITYLINK門市,02-2653-8613,"25.05256304369563,121.60451799739225",台北市南港區忠孝東路七段369號,週一至週日08:00-22:00,08:00,22:00
忠孝松山門市,02-2727-9696,"25.04116982287172,121.5790486331562",台北市信義區忠孝東路五段514號,平日07:00~16:30週六假日07:30~16:30,,
昆明門市,02-2388-1086,"25.045316763929232,121.50532793309787",台北市萬華區昆明街86號,週一至週日07:30-22:00,07:30,22:00
松山蔦屋門市,02-2748-6613,"25.0492016,121.5783212",台北市信義區松山路11號3樓,周一至周日07:00-21:00,07:00,21:00
民權西門市,02-2598-8613,"25.0630045,121.5199315",台北市中山區民權西路3號、5號,週一至週日07:00-22:00,07:00,22:00
忠孝善導寺門市,02-2395-6613,"25.044056,121.525694",台北市中正區忠孝東路一段148號,週一至週日07:00-21:00,07:00,21:00
台科醫揚門市,02-2736-3613,"25.0144998,121.5443208",台北市大安區基隆路三段155巷57號,08:00-17:00,08:00,17:00
萬華青年公園門市,02-2305-8613,"25.025868,121.505883",台北市萬華區青年路14號1樓,07:00-17:00,07:00,17:00
通化門市,02-2700-5613,"25.032253,121.554312",台北市大安區通化街1號,週一至週日07:00-21:00,07:00,21:00
港墘門市,02-2657-8613,"25.078261,121.576158",台北市內湖區港墘路123號1F+B1F,週一至週日07:00-21:00,07:00,21:00
忠孝頂好門市,,"25.041644,121.546868",台北市大安區忠孝東路四段71號1F,(即將為您服務)週一至週五07:00-20:00週六至週日07:00-21:00,07:00,20:00
研究院路門市,02-2783-1613,"25.05307,121.615897",台北市南港區忠孝東路七段620號B1+1F,週一至週日07:00-21:00,07:00,21:00
信義吳興門市,02-2723-3613,"25.032297,121.559024",台北市信義區基隆路二段16號,週一至週日07:00-21:00,07:00,21:00
北捷x路易莎聯名旗艦門市,02-25112613,"25.055852,121.521717",台北市中山區中山北路二段48巷7號,週一至週五07:00-20:00週六至週日07:00-21:00,07:00,20:00
玉山總部門市,02-2719-8613,"25.0590832,121.5479848",台北市松山區敦化北路315號、315之1號1樓,週一至週日07:00-21:00,07:00,21:00
沅陵門市,02-2331-7677,"25.042737,121.512824",台北市中正區沅陵街6號,週一至週日07:00-21:00,07:00,21:00
錦州門市,02-2562-6613,"25.0605412,121.521737",台北市中山區錦州街3號,週一至週日07:00-21:00,07:00,21:00
健康門市,02-2719-6823,"25.0530564,121.5502611",台北市松山區健康路9號,週一至週日07:00-21:00,07:00,21:00
南京新生門市,02-2536-1232,"25.0518984,121.5261747",台北市中山區南京東路二段6號1樓,週一-週四7:00-18:00週五7:00-15:00六日見紅為休息日,,
天母門市,02-2872-5613,"25.1231638,121.5297405",台北市士林區中山北路七段141巷2號,週一至週五7:00~20:00<br>週六~週日7:30~20:00,,
中山國中門市,02-2507-6613,"25.0602123,121.5400867",台北市中山區錦州街436號,週一至週日07:00-19:00,07:00,19:00
微風南山門市,02-2722-6613,"25.0373997,121.5642039",台北市信義區松智路17號(微風南山2F),週一至週三07:30-21:30<br>      週四至週五07:30-22:00<br>      週六10:00-22:00(含例假日前夕)<br>      週日10:00-21:30,07:30,21:30
正義國宅門市,02-2731-6613,"25.0414766,121.5386648",台北市大安區忠孝東路三段172號,週一至週日07:00-22:00,07:00,22:00
松山高中門市,02-27568099,"25.0421746,121.5646896",台北市信義區基隆路一段188-1號1樓,週一至週日7:00-21:00,7:00,21:00
科技大樓門市,02-27840658,"25.0250626,121.5438389",台北市大安區和平東路二段255號,週一至週五7:00-20:30<br>週末、國定假日7:00-17:00,7:00,20:30
合江門市,02-2503-6613,"25.0553675,121.5391924",台北市中山區合江街27、29號1F,週一至週日07:00-21:00,07:00,21:00
敦南遠企,02-27386868,"25.0248864,121.5490973",台北市大安區敦化南路二段277號1F,週一至週日07:30-21:00,07:30,21:00
信義敦南,02-2701-3681,"25.0325354,121.545492",台北市大安區信義路四段116號B1.1F,週一至週日07:00-21:00,07:00,21:00
北城科大實習門市,(02)2892-7154#6021,"25.1326034,121.4679475",台北市北投區學原路2號愛園大樓,一～五07:30~20:00/六～日09:00~18:00	,,
英業達總部門市,02-28801613,"25.0854649,121.522686",台北市士林區承德路四段166號1樓,週一至週日7:30~17:00,,
忠孝延吉門市,02-87719797,"25.0419054,121.5546514",台北市大安區延吉街137巷4號,週一至週日07:00-20:00,07:00,20:00
士林至誠門市,02-28355613,"25.1016506,121.5289993",台北市士林區至誠路二段35號1F+B1,週一至週日7:00-21:00,7:00,21:00
士林捷運門市,02-2832-0613,"25.095512,121.5259846",台北市士林區中正路224號,週一至週日07:00-22:00,07:00,22:00
Y17門市,02-23225613,"25.0391377,121.5222662",台北市中正區仁愛路一段17號1樓,週一至週日07:00-18:00,07:00,18:00
羅斯和平門市,02-23216613,"25.027762,121.5216211",台北市中正區羅斯福路二段56號1樓+B1,週一至週日07:00-21:00,07:00,21:00
廈門門市,02-2368-8333,"25.0246203,121.5175204",台北市中正區廈門街77-2號,週一至週日07:30-17:30周二公休,07:30,17:30
文化大學門市,02-2861-0610,"25.1368151,121.5381518",台北市士林區華岡路55號大忠館1樓304櫃位,週一至週五07:00-19:00,07:00,19:00
中研院門市,02-2783-3381,"25.0394332,121.6160081",台北市南港區研究院路二段130號,週一至週日08:00-17:00,08:00,17:00
南港台肥大樓門市,02-2785-0613,"25.0577609,121.6187324",台北市南港區經貿一路170號2樓-5,週一至週五7:30-17:00,7:30,17:00
政大萬壽門市,02-2938-1388,"24.9887161,121.5765676",台北市文山區萬壽路27號,週一至週日07:00-21:00,07:00,21:00
台北轉運站門市,02-2558-0613,"25.0492576,121.5171959",台北市大同區承德路一段1號,週一至週日11:00-21:30,11:00,21:30
健安新城門市,02-2748-0613,"25.0551324,121.5627331",台北市松山區三民路29巷6號,週一至週日07:00-19:00,07:00,19:00
大巨蛋門市,02-2769-0613,"25.0424367,121.5595066",台北市信義區忠孝東路四段515號(C區B2F-B2221),週一至週日10:00-21:30,10:00,21:30
洲子110門市,02-87510613,"25.0804455,121.5695924",台北市內湖區洲子街110號1樓,週一至週日7:00-19:00,7:00,19:00
台東中華門市,089-333686,"22.7548537,121.1513556",台東縣台東市中華路一段421號1-3樓,週一至週日7:00-21:30,7:00,21:30
桃園藝文門市,03-358-7599,"25.016519261398464,121.29629790859589",桃園市桃園區中埔六街32號(中正路1115巷內),週一至週五07:30-20:00<br>               週六、週日及例假日08:00-18:00,07:30,20:00
桃鶯門市,03-376-6860,"24.9830364,121.3187402",桃園市桃園區桃鶯路168-1號1樓,7:00-19:30,7:00,19:30
桃園縣府門市,03-338-0980,"24.992274,121.302872",桃園市桃園區中山路426號,周一至週五7:00-18:00<br>周六7:00-17:00<br>周日7:00-15:00,7:00,18:00
桃園國聖門市,03-3785-506,"24.988135015965014,121.28796525687511",桃園市桃園區國聖一街2號,7:00-21:00,7:00,21:00
林口文興門市,03-327-7226,"25.0580413,121.3646925",桃園市龜山區文興路108號,7:00-19:00<BR>週六至週日7:00-17:00,7:00,19:00
中壢延平門市,03-422-2770,"24.9559599,121.2229297",桃園市中壢區延平路536號,週一至週五07:30-17:30<br>               週六08:30-18:30<br>               週日08:30-17:30,07:30,17:30
中壢SOGO門市,03-422-4613,"24.96223885144283,121.22523219676329",桃園市中壢區元化路303號,週一至週日07:30-21:00,07:30,21:00
桃園大湳門市,03-361-2489,"24.960367644635127,121.29926458179712",桃園市八德區廣福路20巷54號,7:00-17:00,7:00,17:00
蘆竹南福門市,03-2220-255,"25.040096,121.293067",桃園市蘆竹區南福街101號,週一至週日7:00-21:00,7:00,21:00
中壢環中門市,03-4613-977,"24.96258901051955,121.25533619733905",桃園市中壢區環中東路234號,週一至週日7:00-20:00,7:00,20:00
龍潭北龍門市,03-409-1182,"24.867724420261947,121.21748913966569",桃園市龍潭區北龍路266號,週一至週日07:00-21:00,07:00,21:00
春日直營門市,03-356-8965,"25.009333,121.3094463",桃園市桃園區春日路618號,(1F)週一至週日08:00-21:30<br>               (2F)週一至週日10:00-21:00,08:00,21:30
桃園南崁門市,03-311-1122,"25.0496675,121.2908343",桃園市蘆竹區南崁路290號,週一至週日07:30-20:00,07:30,20:00
青埔明日門市,03-287-2987,"25.0010611,121.2021414",桃園市中壢區領航南路一段73號,週一至週日7:00-16:30,7:00,16:30
桃園桃大極門市,03-363-6065,"24.9551631,121.2947013",桃園市八德區金和路60號,週一至週日07:00-21:00,07:00,21:00
龜山中興門市,03-329-1766,"24.9941546,121.3357458",桃園市龜山區中興路一段37號,週一至週日07:00-20:00,07:00,20:00
桃園莊敬門市,03-317-7098,"25.0225273,121.2913259",桃園市桃園區莊敬路二段47號,週一至週日7:00-18:30,7:00,18:30
中壢南園門市,03-463-6766,"24.971583,121.2315498",桃園市中壢區南園二路81號,週一至週日7:00-19:00,7:00,19:00
內壢忠孝門市,03-451-2232,"24.9745188,121.2533743",桃園市中壢區忠孝路83號,週一至週日07:00-20:30,07:00,20:30
桃園中正門市,03-335-1613,"24.9926327,121.3098044",桃園市桃園區中正路103號,週一至週日07:00-21:00,07:00,21:00
桃園八德興豐門市,03-368-3613,"24.9295835,121.2869552",桃園市八德區興豐路416號,週一至週日07:00-21:00,07:00,21:00
桃園大竹門市,03-323-3969,"25.0216305,121.2608995",桃園市蘆竹區大竹路440號1樓,週一至週日07:00-21:00,07:00,21:00
桃園埔心門市,03-431-3800,"24.9188069,121.1836326",桃園市楊梅區永美路235號,週一至週日07:00-21:00,07:00,21:00
桃園台茂門市,03-311-2613,"25.0533417,121.2855806",桃園市蘆竹區南崁路一段112號6樓,週一至週四11:00-22:00<br>               週五11:00-22:30<br>               週六10:30-22:30<br>               週日10:30-22:00,11:00,22:00
桃園大觀門市,03-483-8509,"25.044553,121.139329",桃園市觀音區大觀路二段178-2號,週一至週日07:00-20:30,07:00,20:30
八德廣豐門市,03-366-0456,"24.9648675,121.2943253",桃園市八德區大智路102號1樓,週一至週日07:00-21:00,07:00,21:00
桃園大興門市,03-326-7555,"25.014008,121.3022852",桃園市桃園區大興西路一段179-1號,週一至週四07:00-21:00<br>               週五、例假日07:00-21:30,07:00,21:00
八德忠勇門市,03-366-8066,"24.9648175,121.302956",桃園市八德區忠勇六街3號,週一至週日07:00-19:30,07:00,19:30
龜山文青門市,03-327-8613,"25.0403133,121.3864004",桃園市龜山區文青路199號,週一至週日07:00-21:00,07:00,21:00
中壢過嶺門市,03-490-8875,"24.9584223,121.1704647",桃園市中壢區民族路五段308號,週一至週五07:00-16:30<br>               週六、週日07:30-18:30,07:00,16:30
第三波咖啡環球A8門市,03-397-3613,"25.0606401,121.3679228",桃園市龜山區文化里1鄰復興一路8號,週一至週日07:00-22:00,07:00,22:00
大溪埔頂門市,03-389-6988,"24.8943771,121.2737958",桃園市大溪區員林路一段280號,週一至週五07:00-20:00<br>               週六、週日07:00-18:00,07:00,20:00
平鎮文化門市,03-494-9355,"24.9560075,121.2008745",桃園市平鎮區文化街25號,週一至週日07:00-21:00,07:00,21:00
中壢復興門市,03-427-2613,"24.9581647,121.2235571",桃園市中壢區復興路17號,週一至週日07:00-22:00,07:00,22:00
中央大學門市,03-490-4613,"24.9674928,121.1938378",桃園市中壢區中大路300號(松苑餐廳),週一至週日07:00-21:00,07:00,21:00
桃園市府門市,03-336-6222,"24.9949295,121.298945",桃園市桃園區縣府路186號,週一至週日07:00-21:00,07:00,21:00
桃園中路門市,03-379-7666,"24.9960864,121.2927768",桃園市桃園區正光路181號,週一至週日07:00-21:00,07:00,21:00
大溪慈湖門市,03-387-3399,"24.8838079,121.2869366",桃園市大溪區慈湖路22號,週一至週日07:00-22:00,07:00,22:00
楊梅站前門市,03-488-2613,"24.912016545195172,121.14576356801693",桃園市楊梅區大成路165號,週一至週日07:00-21:00,07:00,21:00
台積電Q廠門市,03-563-6688分機:7214519,"24.883607685591503,121.18553583971305",桃園市龍潭區龍園六路101號A2,週一至週五07:30-19:00週六、週日公休,07:30,19:00
八德國民運動中心門市,03-375-9625,"24.959812,121.2927106",桃園市八德區廣福路230號,週一至週日07:00-21:00,07:00,21:00
部立桃園醫院門市,03-3706613,"24.9779184,121.2670189",桃園市桃園區中山路1492號,週一至週五7:00-17:00<br>週末/國定假日8:00-17:00,7:00,17:00
蘆竹中山門市,03-3228613,"25.0515208,121.3011898",桃園市蘆竹區中山路20號,週一到週日7:00～21:00,,
八德建德門市,03-3681-313,"24.9282721,121.2811892",桃園市八德區建德路188號,週一至週日07:00-21:00,07:00,21:00
桃園大有門市,03-3587613,"25.0102999,121.3193131",桃園市桃園區大有路366號,週一至週日07:00-19:00,07:00,19:00
元智大學門市,03-2854613,"24.9699519,121.2634491",桃園市中壢區遠東路135號,週一至週五07:00-20:00,07:00,20:00
中原家樂福門市,03-4356613,"24.9625229,121.2324006",桃園市中壢區中華路二段501號1F,週一至週日07:30-21:00,07:30,21:00
桃園青溪門市,03-3339989,"24.9969224,121.3183363",桃園市桃園區中山東路108號,週一至週六：07:00-21:30週日07:00-21:00,07:00,21:30
中原大學門市,03-436-0613,"24.9574614,121.2405974",桃園市中壢區中北路200號,週一至週日07:30-21:00,07:30,21:00
宜蘭大學門市,03-932-8008,"24.7469972,121.7492729",宜蘭縣宜蘭市神農路ㄧ段3號,週一至週日7:00-16:00,7:00,16:00
宜蘭東門夜市門市,03-9323-181,"24.756274926936108,121.75721666871979",宜蘭縣宜蘭市和睦路26號,週一至週日07:00-18:30,07:00,18:30
宜蘭聖博門市,03-955-7828/0905-610-557,"24.671102933644473,121.77059131104602",宜蘭縣羅東鎮中正南路135號,週一至週五07:00-16:00；週六07:00-15:00；週日公休,07:00,16:00
宜蘭礁溪門市,03-988-0766,"24.8259359,121.7714988",宜蘭縣礁溪鄉礁溪路五段48號,週一至週四07:30-20:00<br>               週五至週日07:30-21:30,07:30,20:00
宜蘭傳藝門市,03-9500-065,"24.685587,121.824053",宜蘭縣五結鄉五濱路二段201號(傳藝中心觀景樓),週一至週日09:00-18:30,09:00,18:30
斗六中堅門市,05-533-1815,"23.7007205,120.5330102",雲林縣斗六市中堅西路533號,週一至週日07:00-19:00,07:00,19:00
雲林虎尾門市,05-631-1778,"23.7079454,120.434966",雲林縣虎尾鎮新生路92號,週一至週日07:00-18:00,07:00,18:00
虎科大門市,05-6311-788,"23.7015532,120.430446",雲林縣虎尾鎮文化路64號,週一至週五08:00-17:30<br>週六至週日08:00-17:00<br>遇國定假日和寒暑假依公告為主,08:00,17:30
雲林北港門市(即將開幕),05-7732611,"23.572846,120.3030079",雲林縣北港鎮公園路7號,週一至週日07:00-21:00,07:00,21:00
